Genotype ,Plot_ID,Rep,Location,Growth_Stage,Fresh_Weight,Leaf_Area,SPAD_1,SPAD_2 ,SPAD_3,SLA
B14A,1028,1,SAM,1,6.55,240,46.5,40.7,49,
B14A,1028,2,SAM,1,7.9,237.9,40.9,45.3,50.6,
2FACC,1052,1,SAM,1,8.7,273.3,49.2,50.4,52.1,
2FACC,1052,2,SAM,1,6.8,234.6,51.7,49.5,52.3,
PHZ51,1056,1,SAM,1,4.45,178.2,32.6,39,35.5,
PHZ51,1056,2,SAM,1,4.35,194.7,32.2,40,39.2,
B37,1077,1,SAM,1,6.5,233.8,39.7,44.8,48,
B37,1077,2,SAM,1,6.7,222,42.2,39.4,42.7,
B84@,1091,1,SAM,1,9.15,282.1,52.1,57.5,53,
B84@,1091,2,SAM,1,9.45,288.6,54,54.9,59.3,
Mo17@,1096,1,SAM,1,5.35,190,47.7,46.8,49.9,
Mo17@,1096,2,SAM,1,7.9,269.7,46.9,46.2,44.9,
Wf9@,1127,1,SAM,1,5.8,249.9,33.7,49.9,41.8,
Wf9@,1127,2,SAM,1,5,146.6,41.8,49.2,40.2,
Oh43E@,1144,1,SAM,1,9.4,369.6,52.8,53.4,57.1,
Oh43E@,1144,2,SAM,1,11.1,351,30.8,34.2,45.8,
LH123HT@,1157,1,SAM,1,6.65,215.7,55.7,42.1,57.6,
LH123HT@,1157,2,SAM,1,4.75,190.3,52.7,48.7,46.6,
Oh43@,1197,1,SAM,1,5.8,228.2,35,48.7,41.2,
Oh43@,1197,2,SAM,1,7.25,243,37.6,43.3,41.6,
LH82@,1206,1,SAM,1,6.8,270,33.2,43.2,41.7,
LH82@,1206,2,SAM,1,6.6,273.1,36.4,39.9,39.5,
PHJ40@,1217,1,SAM,1,4.35,183,47.7,53.7,44.4,
PHJ40@,1217,2,SAM,1,5.4,241.6,52.3,49.1,43.9,
PHK76@,1218,1,SAM,1,8.2,305.7,51.9,63.6,52.7,
PHK76@,1218,2,SAM,1,7.9,313.6,56.2,57.4,60.6,
3IIH6@,1239,1,SAM,1,5.4,153.8,33.6,44,39.6,
3IIH6@,1239,2,SAM,1,7.25,188.8,40.9,46.4,41.7,
LH145@,1252,1,SAM,1,5.55,207.5,35.9,44,40.9,
LH145@,1252,2,SAM,1,5.55,205.9,43.2,41.1,37.3,
H95@,1289,1,SAM,1,2.2,96,37,41.5,34.3,
H95@,1289,2,SAM,1,3,129.9,46,45.8,49.4,
F42@,1330,1,SAM,1,4.1,181.1,46.5,52.1,52.1,
F42@,1330,2,SAM,1,4.3,151.8,52.5,44.1,52.7,
H95@,2053,1,SAM,1,7.75,270.8,45.4,49.1,48.1,
H95@,2053,2,SAM,1,8.55,314.8,41.7,50.5,49.8,
3IIH6@,2060,1,SAM,1,6.8,207.1,39.6,47.7,48.3,
3IIH6@,2060,2,SAM,1,6.65,188.8,46.9,50.3,48.8,
PHK76@,2068,1,SAM,1,6,217.5,59.9,54.9,52.9,
PHK76@,2068,2,SAM,1,7.1,257,55.9,58.4,52.5,
LH145@,2098,1,SAM,1,6.7,242.5,45.5,46,45.3,
LH145@,2098,2,SAM,1,4.85,217,43.9,49.4,42.8,
Oh43@,2109,1,SAM,1,7.5,318.8,43.4,47.2,50.2,
Oh43@,2109,2,SAM,1,8.7,332.8,47.7,47,51,
PHJ40@,2127,1,SAM,1,6.35,220.8,46.2,48.2,52.5,
PHJ40@,2127,2,SAM,1,6.9,222.8,49.4,49.6,45.4,
LH82@,2136,1,SAM,1,7.45,290.1,36.6,37.2,39.4,
LH82@,2136,2,SAM,1,7.95,287.9,43.3,40.9,41.7,
B73@,2180,1,SAM,1,6.05,225.7,48.1,51.6,51.5,
B73@,2180,2,SAM,1,5.65,225.8,30.2,45.9,47.9,
LH123HT@,2181,1,SAM,1,4.5,150.2,31.7,44.1,36.6,
LH123HT@,2181,2,SAM,1,4.95,171.9,46.8,44,53.8,
Oh43E@,2225,1,SAM,1,11,390.2,34.5,51.4,52.6,
Oh43E@,2225,2,SAM,1,14.65,450,48.6,59.6,64.2,
2FACC@,2241,1,SAM,1,8.25,255,36.4,49.3,47.6,
2FACC@,2241,2,SAM,1,5.4,201.5,44.1,46.8,44.5,
Wf9@,2242,1,SAM,1,7.65,320.7,53.3,55.8,56.3,
Wf9@,2242,2,SAM,1,4.9,233,43.5,45.9,51.3,
PHZ51@,2268,1,SAM,1,4.3,189.5,39.4,39.7,50.5,
PHZ51@,2268,2,SAM,1,1.75,61.4,29.2,29.7,32.8,
B14A@,2292,1,SAM,1,3.8,162.6,42.3,37.9,35.2,
B14A@,2292,2,SAM,1,3.8,135,41.6,46.1,39.9,
Mo17@,2311,1,SAM,1,5.5,212.7,46.2,40.1,43.4,
Mo17@,2311,2,SAM,1,5.65,204,42.7,41.2,42.5,
B84@,2321,1,SAM,1,7,470,42.5,50.2,51.4,
B84@,2321,2,SAM,1,6.3,205,46.8,55.5,50,
F42@,2378,1,SAM,1,6,243.8,52,49.2,55.7,
F42@,2378,2,SAM,1,6.5,261,51,51.9,51.7,
PHJ40 x LH82,4104,1,HIPS,1,5.6,285,44.9,46.4,39.4,
PHJ40 x LH82,4104,2,HIPS,1,6.6,335,52.7,47.6,48.2,
2FACC x 3IIH6,4106,1,HIPS,1,6.95,293.3,48,55.7,50.9,
2FACC x 3IIH6,4106,2,HIPS,1,8.6,319.6,57.4,55.6,59.8,
B37 x OH43,4108,1,HIPS,1,9.45,354.2,49,54.5,60,
B37 x OH43,4108,2,HIPS,1,6.85,276.2,48.3,51.9,54.6,
PHK76 x 3IIH6,4111,1,HIPS,1,5.55,230.6,57,50.6,53.1,
PHK76 x 3IIH6,4111,2,HIPS,1,9.45,373.5,56,57.4,57.6,
PHK76 x LH82,4115,1,HIPS,1,5.1,260.4,45.7,44.8,47.3,
PHK76 x LH82,4115,2,HIPS,1,8.5,340.8,43.8,52.3,47.1,
PHK76 x LH145,4119,1,HIPS,1,4.3,191.8,48.7,56.5,55.6,
PHK76 x LH145,4119,2,HIPS,1,7.5,333.3,44.3,53.4,54.2,
B73 x Mo17,4122,1,HIPS,1,6.2,278,51.4,49.1,54.7,
B73 x Mo17,4122,2,HIPS,1,7.65,302.3,54,51.5,55.4,
B73 x PHZ51,4124,1,HIPS,1,4.5,137.7,48.1,45.3,59.6,
B73 x PHZ51,4124,2,HIPS,1,8.55,331,48.9,54.5,50.8,
WF9 x H95,4127,1,HIPS,1,7.9,334.6,50.1,53.3,53.1,
WF9 x H95,4127,2,HIPS,1,8.9,384.4,48.9,57.9,57,
F42 x Mo17,4128,1,HIPS,1,8.5,379.5,50.4,55.4,62.6,
F42 x Mo17,4128,2,HIPS,1,9.55,370.7,50.4,54.1,59.5,
B37 x H95,4129,1,HIPS,1,5.85,250.3,46.8,50.5,49.6,
B37 x H95,4129,2,HIPS,1,7.7,300.3,50.7,53.8,52.8,
B14A x Mo17,4131,1,HIPS,1,10.55,394.8,50,56.4,57.9,
B14A x Mo17,4131,2,HIPS,1,9.9,380,58.2,52.7,57.2,
PHZ51 x LH145,4135,1,HIPS,1,6.55,269.5,55.1,55.3,54.9,
PHZ51 x LH145,4135,2,HIPS,1,6.7,266.4,48.9,52,55.1,
B37 x Mo17,4154,1,HIPS,1,5.15,231.6,47,51.4,52.9,
B37 x Mo17,4154,2,HIPS,1,5.5,244,48.1,46.2,47.2,
LH123HT x 3IIH6,4155,1,HIPS,1,9.55,345,53.7,60.1,58,
LH123HT x 3IIH6,4155,2,HIPS,1,6.6,249.4,48.4,54.6,49.2,
B84 x 3IIH6,4158,1,HIPS,1,7.2,243.5,57.3,54.8,53.9,
B84 x 3IIH6,4158,2,HIPS,1,8.1,283,61.4,55.3,53.8,
B73 x 3IIH6,4159,1,HIPS,1,8.4,304.7,47.3,52.9,54.8,
B73 x 3IIH6,4159,2,HIPS,1,7.75,311.3,58,50,56.4,
F42 x OH43,4167,1,HIPS,1,8.3,316.4,53.2,53,59.6,
F42 x OH43,4167,2,HIPS,1,7.8,311.4,59.7,49.6,59.4,
PHK76 x LH145,4204,1,HIPS,1,5.1,216.7,53.7,56.3,56.1,
PHK76 x LH145,4204,2,HIPS,1,6.4,286.9,45.9,48.3,55.5,
PHK76 x LH82,4205,1,HIPS,1,4.1,208.2,44.9,43.7,45.4,
PHK76 x LH82,4205,2,HIPS,1,6.85,278.5,51.9,49.1,51.5,
B84 x 3IIH6,4216,1,HIPS,1,8.3,261.1,51,56.4,60.8,
B84 x 3IIH6,4216,2,HIPS,1,5.45,199.8,50,51.5,58.5,
2FACC x 3IIH6,4217,1,HIPS,1,6.2,249.9,47.4,51.6,56.6,
2FACC x 3IIH6,4217,2,HIPS,1,8.7,318.1,47.7,60.4,58.6,
B73 x PHZ51,4225,1,HIPS,1,6.9,297.9,53,60.1,53.4,
B73 x PHZ51,4225,2,HIPS,1,5.6,246.7,48.9,54.5,61.6,
B14A x Mo17,4234,1,HIPS,1,9.25,368.9,46,51.1,55.2,
B14A x Mo17,4234,2,HIPS,1,7.5,304.8,47.2,50.4,54.4,
B37 x Mo17,4236,1,HIPS,1,6.45,265.1,48,45.3,56.5,
B37 x Mo17,4236,2,HIPS,1,9.7,388.6,54.6,58.8,55.2,
B37 x H95,4244,1,HIPS,1,7.75,327.6,51.5,45.8,53.8,
B37 x H95,4244,2,HIPS,1,8.35,337.3,54.6,52,55.1,
PHZ51 x LH145,4247,1,HIPS,1,6.5,281.8,41,53.9,51.2,
PHZ51 x LH145,4247,2,HIPS,1,7,296.4,47.7,54.8,54.3,
B73 x Mo17,4256,1,HIPS,1,9,303.6,54.2,58.2,56.6,
B73 x Mo17,4256,2,HIPS,1,6.1,247.8,52.2,51.7,56.8,
LH123HT x 3IIH6,4260,1,HIPS,1,6.7,183.8,53.1,54.6,50.5,
LH123HT x 3IIH6,4260,2,HIPS,1,7.5,158.6,51.5,50.5,54.3,
B73 x 3IIH6,4267,1,HIPS,1,9.35,170.8,57.5,54.6,60.1,
B73 x 3IIH6,4267,2,HIPS,1,10.3,316.6,50.9,56.4,56,
F42 x OH43,4272,1,HIPS,1,6.85,284.2,46.7,57.3,52,
F42 x OH43,4272,2,HIPS,1,6.9,273.8,45.5,57.1,56.4,
F42 x Mo17,4273,1,HIPS,1,6.3,255.4,53.8,53.6,40.5,
F42 x Mo17,4273,2,HIPS,1,7.3,285.6,49.6,47.9,49.8,
B37 x OH43,4274,1,HIPS,1,6,232.9,47.5,47.1,57.7,
B37 x OH43,4274,2,HIPS,1,5.05,193.5,42.6,56,50.7,
PHK76 x 3IIH6,4277,1,HIPS,1,8.9,323.1,56.2,53.4,57,
PHK76 x 3IIH6,4277,2,HIPS,1,7.8,273,48.8,56.7,57.4,
PHJ40 x LH82,4279,1,HIPS,1,6,275.8,44.6,47.8,47.6,
PHJ40 x LH82,4279,2,HIPS,1,6.21,277.5,45.7,47.3,50.5,
WF9 x H95,4280,1,HIPS,1,8.9,391.2,50.8,49.4,52.7,
WF9 x H95,4280,2,HIPS,1,9.75,412.3,51,50.9,52.6,
B37 x H95,5116,1,HIPS,1,7.25,309.5,51.3,48.8,49.9,
B37 x H95,5116,2,HIPS,1,,,,,,
PHZ51 x LH145,5123,1,HIPS,1,8.1,339.1,47.5,55.3,53.4,
PHZ51 x LH145,5123,2,HIPS,1,5.55,248.3,46.1,53.1,49.9,
WF9 x H95,5126,1,HIPS,1,7.7,322.6,50.7,54.8,56.3,
WF9 x H95,5126,2,HIPS,1,7.3,339.3,49.9,49.7,51.8,
PHK76 x LH145,5128,1,HIPS,1,5.45,250,45.4,54.4,58.7,
PHK76 x LH145,5128,2,HIPS,1,6.4,280.2,55.7,56.7,53,
PHK76 x 3IIH6,5130,1,HIPS,1,5.65,241.2,49.1,51.9,52.4,
PHK76 x 3IIH6,5130,2,HIPS,1,6.5,273.7,51.3,54.8,54.4,
F42 x Mo17,5131,1,HIPS,1,4.3,195.7,50.5,51.2,54.6,
F42 x Mo17,5131,2,HIPS,1,4.8,220.1,45,48.9,54.1,
PHJ40 x LH82,5135,1,HIPS,1,6.55,294.9,46.8,49.8,51.4,
PHJ40 x LH82,5135,2,HIPS,1,6.4,268,35.2,53,37.2,
2FACC x 3IIH6,5144,1,HIPS,1,6.7,267.3,50.3,58.5,60.3,
2FACC x 3IIH6,5144,2,HIPS,1,7.65,297.1,50,57.7,53.3,
B73 x PHZ51,5147,1,HIPS,1,3.75,172.7,45.9,49.6,51.3,
B73 x PHZ51,5147,2,HIPS,1,5.2,226.1,46.1,58.9,56.4,
LH123HT x 3IIH6,5150,1,HIPS,1,4.15,172.8,44.1,46.6,48.9,
LH123HT x 3IIH6,5150,2,HIPS,1,4.7,200.1,50.9,45,51.7,
B14A x Mo17,5152,1,HIPS,1,5.95,265.2,45.8,54.3,55.2,
B14A x Mo17,5152,2,HIPS,1,5.3,226.9,45.7,52.6,58.4,
B37 x Mo17,5153,1,HIPS,1,5.25,242.1,45.9,44,49.6,
B37 x Mo17,5153,2,HIPS,1,6.8,272.2,50,51.9,51.5,
B73 x 3IIH6,5154,1,HIPS,1,2.5,109.3,42.4,46,49.8,
B73 x 3IIH6,5154,2,HIPS,1,4.4,198.8,50,46.6,47.9,
F42 x OH43,5160,1,HIPS,1,4.9,212.9,45.9,54.4,57.3,
F42 x OH43,5160,2,HIPS,1,8.05,336.6,47.2,58.2,60.4,
B84 x 3IIH6,5161,1,HIPS,1,6.4,252,50.5,54.1,58,
B84 x 3IIH6,5161,2,HIPS,1,4.1,189.9,49.5,52.3,52.6,
B37 x OH43,5162,1,HIPS,1,6.15,244.8,55.2,56.2,49.2,
B37 x OH43,5162,2,HIPS,1,5.1,240,49.2,44.8,52.2,
B73 x Mo17,5176,1,HIPS,1,4.6,211,47.6,49.6,52.3,
B73 x Mo17,5176,2,HIPS,1,3.4,171.8,34,39.2,47.4,
PHK76 x LH82,5182,1,HIPS,1,1.5,92.7,32.3,37.3,36,
PHK76 x LH82,5182,2,HIPS,1,1.4,90,46.7,44.9,45.1,
2FACC x 3IIH6,5201,1,HIPS,1,9.15,314.1,53.6,58,55.9,
2FACC x 3IIH6,5201,2,HIPS,1,6,233.1,50.6,51.6,54.9,
PHK76 x LH82,5206,1,HIPS,1,7,319.8,54.4,50.8,59.1,
PHK76 x LH82,5206,2,HIPS,1,8,337.4,46.5,57.6,51.9,
B37 x OH43,5210,1,HIPS,1,9.05,376.3,43.9,62.4,57,
B37 x OH43,5210,2,HIPS,1,7.9,236.1,48.5,54.1,57.6,
B84 x 3IIH6,5211,1,HIPS,1,9,314.1,46.8,58.4,57.5,
B84 x 3IIH6,5211,2,HIPS,1,9.5,347.6,46.7,65.4,58,
B37 x Mo17,5216,1,HIPS,1,6.6,292.9,47.5,42.2,50.2,
B37 x Mo17,5216,2,HIPS,1,9.1,373,46.5,54.4,49.4,
F42 x OH43,5220,1,HIPS,1,7.35,301.7,48.9,54.5,56.5,
F42 x OH43,5220,2,HIPS,1,8.5,357.5,46.8,56.5,56.2,
PHZ51 x LH145,5227,1,HIPS,1,8.05,297.7,48.3,50.6,51.8,
PHZ51 x LH145,5227,2,HIPS,1,5.6,253,44.9,48,45.8,
B14A x Mo17,5237,1,HIPS,1,9.1,343.8,55.5,55.3,54.1,
B14A x Mo17,5237,2,HIPS,1,6.95,274.3,52.1,51.6,58,
WF9 x H95,5238,1,HIPS,1,6.9,275.1,48.7,53.5,52.3,
WF9 x H95,5238,2,HIPS,1,5.7,240.6,47.5,51,52.2,
PHK76 x 3IIH6,5240,1,HIPS,1,2.95,131.8,47.1,46.3,48.5,
PHK76 x 3IIH6,5240,2,HIPS,1,7.7,305.3,56.4,52.7,49.7,
PHK76 x LH145,5243,1,HIPS,1,5.15,219.9,50.2,52.6,55,
PHK76 x LH145,5243,2,HIPS,1,4.65,212.6,46,52.3,52.6,
B73 x Mo17,5245,1,HIPS,1,5.85,263.9,46.4,48.9,54.2,
B73 x Mo17,5245,2,HIPS,1,8.75,328.7,44.8,56.5,57.8,
PHJ40 x LH82,5247,1,HIPS,1,5.2,267.2,39.4,46.1,36,
PHJ40 x LH82,5247,2,HIPS,1,6.3,306.6,48.4,47.3,49,
LH123HT x 3IIH6,5249,1,HIPS,1,5.85,282.1,46.3,52.4,46.1,
LH123HT x 3IIH6,5249,2,HIPS,1,5.2,248.4,36.8,34.7,41.8,
B73 x 3IIH6,5261,1,HIPS,1,8.6,309,42.1,52.2,54.5,
B73 x 3IIH6,5261,2,HIPS,1,7.8,320.5,51.5,56,58.4,
B37 x H95,5268,1,HIPS,1,8.7,576.1,48.7,50.3,52,
B37 x H95,5268,2,HIPS,1,9.6,390.1,45.2,44.9,53.1,
F42 x Mo17,5270,1,HIPS,1,6,253,55.1,55.5,55.8,
F42 x Mo17,5270,2,HIPS,1,6.15,264.3,50.9,50.7,56.2,
B73 x PHZ51,5272,1,HIPS,1,3.7,172.5,44.9,44.6,46.9,
B73 x PHZ51,5272,2,HIPS,1,5.55,224.5,46,53.6,56.8,
PHK76 x 3IIH6,6110,1,HIPS,1,5.65,263.1,61.3,51.7,55,
PHK76 x 3IIH6,6110,2,HIPS,1,6.1,260.1,53.7,52.6,49.9,
B73 x PHZ51,6111,1,HIPS,1,5.15,216.6,49.3,46.7,53,
B73 x PHZ51,6111,2,HIPS,1,7.25,287.3,53.8,54.5,52.4,
WF9 x H95,6116,1,HIPS,1,4.85,253.5,47.1,51.6,49.1,
WF9 x H95,6116,2,HIPS,1,5.35,277.1,50.1,51.4,47.6,
PHJ40 x LH82,6122,1,HIPS,1,8.3,368.4,35.7,44,44,
PHJ40 x LH82,6122,2,HIPS,1,5.3,257.5,41.7,39.3,45.4,
F42 x OH43,6127,1,HIPS,1,7.2,308.7,47.2,52.2,57,
F42 x OH43,6127,2,HIPS,1,6.5,287.6,52.4,56.8,57.5,
LH123HT x 3IIH6,6128,1,HIPS,1,8.05,340.1,50.5,52.3,55.3,
LH123HT x 3IIH6,6128,2,HIPS,1,7.5,298.3,48.9,51.6,47.1,
PHZ51 x LH145,6132,1,HIPS,1,3.25,169.8,48,49.7,50.1,
PHZ51 x LH145,6132,2,HIPS,1,3.85,180.8,47.7,55.7,52.7,
B84 x 3IIH6,6134,1,HIPS,1,7.7,285.2,52.6,60.8,60.4,
B84 x 3IIH6,6134,2,HIPS,1,7.95,273.6,52.8,61.7,58.6,
F42 x Mo17,6137,1,HIPS,1,3.45,164.6,48.7,51.3,52.9,
F42 x Mo17,6137,2,HIPS,1,7.55,306.1,51,57.1,58.2,
B14A x Mo17,6140,1,HIPS,1,6.6,268.6,48.9,54.8,49.9,
B14A x Mo17,6140,2,HIPS,1,6,258.4,50.4,55.1,57.4,
PHK76 x LH145,6143,1,HIPS,1,2.9,139.7,44.7,44.6,54.3,
PHK76 x LH145,6143,2,HIPS,1,4,185.2,47.6,56.2,50.3,
B73 x 3IIH6,6149,1,HIPS,1,3.95,178.4,36.8,44,47,
B73 x 3IIH6,6149,2,HIPS,1,4,173,42.7,54.9,45.7,
B37 x OH43,6153,1,HIPS,1,6.65,285.9,57.1,57.9,59.1,
B37 x OH43,6153,2,HIPS,1,4.75,196.5,45.5,56.7,53.7,
B37 x Mo17,6155,1,HIPS,1,7.8,301.1,52.5,49.1,56.5,
B37 x Mo17,6155,2,HIPS,1,6.8,282.3,49.8,50.4,58.7,
B37 x H95,6158,1,HIPS,1,4.2,196.6,45.2,48.8,51.6,
B37 x H95,6158,2,HIPS,1,4.15,203.3,40.9,44.3,49.2,
2FACC x 3IIH6,6159,1,HIPS,1,7.4,302.3,51.9,55,57.4,
2FACC x 3IIH6,6159,2,HIPS,1,8.35,301.1,45,48.6,55.6,
B73 x Mo17,6162,1,HIPS,1,5,225.4,49,55.7,56.9,
B73 x Mo17,6162,2,HIPS,1,9.5,368.4,52.7,56.3,56.5,
PHK76 x LH82,6170,1,HIPS,1,6.89,403.9,275.8,373.4,411.4,
PHK76 x LH82,6170,2,HIPS,1,7.48,426.5,354.6,438.5,488.5,
PHK76 x LH82,6174,1,HIPS,1,4.25,211.2,49.9,47.2,47.8,
PHK76 x LH82,6174,2,HIPS,1,4.05,193.5,50.8,47.7,47.2,
PHJ40 x LH82,6184,1,HIPS,1,6.3,289.9,41.3,46.9,49.9,
PHJ40 x LH82,6184,2,HIPS,1,4.5,227.8,39.7,48.8,50.2,
PHK76 x LH145,6210,1,HIPS,1,7.1,316.4,45.3,53.1,55.1,
PHK76 x LH145,6210,2,HIPS,1,4.4,222.4,43.9,52.3,53.7,
PHK76 x 3IIH6,6219,1,HIPS,1,6.1,264.6,52.3,55.8,51.6,
PHK76 x 3IIH6,6219,2,HIPS,1,7.35,353.1,55.1,55.5,54.7,
F42 x Mo17,6223,1,HIPS,1,7.35,308.6,45.9,55.3,53.6,
F42 x Mo17,6223,2,HIPS,1,6.65,273.1,52,57.3,57.1,
2FACC x 3IIH6,6226,1,HIPS,1,6.2,232.3,45.4,48.1,50.5,
2FACC x 3IIH6,6226,2,HIPS,1,7,232.6,58.6,60.1,44.5,
B73 x Mo17,6238,1,HIPS,1,6.5,276.8,48.2,53.5,55.8,
B73 x Mo17,6238,2,HIPS,1,6.7,266.2,50.1,54.2,59.8,
B84 x 3IIH6,6241,1,HIPS,1,6.8,262.9,46.7,45.7,52.7,
B84 x 3IIH6,6241,2,HIPS,1,5.8,216.3,45,51.4,55.5,
B73 x PHZ51,6247,1,HIPS,1,3.15,145.4,42.4,48.2,41.4,
B73 x PHZ51,6247,2,HIPS,1,3.65,188.1,43.8,50.9,46,
LH123HT x 3IIH6,6255,1,HIPS,1,4.3,196.1,43.9,41.7,50,
LH123HT x 3IIH6,6255,2,HIPS,1,4.1,179.4,45,48.2,53.8,
B14A x Mo17,6261,1,HIPS,1,6.2,278.3,48.4,49.7,54.2,
B14A x Mo17,6261,2,HIPS,1,6.7,276.1,44.8,60,59.3,
B37 x Mo17,6262,1,HIPS,1,5.45,249.4,43.4,54.7,51.1,
B37 x Mo17,6262,2,HIPS,1,5.8,259,47.1,51.2,49.6,
WF9 x H95,6263,1,HIPS,1,7.2,303.6,47.1,52.8,55.5,
WF9 x H95,6263,2,HIPS,1,7.2,317.3,53.3,52.6,49.1,
B37 x OH43,6267,1,HIPS,1,4.4,190.5,51.7,45,53.1,
B37 x OH43,6267,2,HIPS,1,5.15,233.6,49.1,54,51.3,
B73 x 3IIH6,6268,1,HIPS,1,7,294,54.7,51.6,54.8,
B73 x 3IIH6,6268,2,HIPS,1,5.35,205,51.8,53.2,54.9,
F42 x OH43,6272,1,HIPS,1,5.75,260.6,55.5,50,49.6,
F42 x OH43,6272,2,HIPS,1,6.1,261.6,45.9,57.8,57.1,
B37 x H95,6274,1,HIPS,1,5.95,264.1,47.5,48.9,49.9,
B37 x H95,6274,2,HIPS,1,8.7,357,50.4,51.8,51.5,
PHZ51 x LH145,6276,1,HIPS,1,6.3,253.5,48.9,39.3,47.8,
PHZ51 x LH145,6276,2,HIPS,1,7.45,332.9,52.8,52.1,52.4,
B14A,1028,1,SAM,2,6.28,367,315.2,328.3,422.6,
B14A,1028,2,SAM,2,8.85,436.2,453.6,495.4,449.3,
2FACC,1052,1,SAM,2,9.1,387.8,403.8,421.8,377,
2FACC,1052,2,SAM,2,8.22,368.4,385.7,394.8,306.4,
PHZ51,1056,1,SAM,2,5.97,299.7,261.6,273.6,303.1,
PHZ51,1056,2,SAM,2,4.38,248,140.1,229.8,258.3,
B37,1077,1,SAM,2,8.04,352.2,370.1,349.8,409.9,
B37,1077,2,SAM,2,7.41,336.7,348,346,376,
B84@,1091,1,SAM,2,7.79,372,412.1,431.8,440.6,
B84@,1091,2,SAM,2,7.73,370.7,340.4,382.4,425.9,
Mo17@,1096,1,SAM,2,5.84,292,361.9,304.2,231.1,
Mo17@,1096,2,SAM,2,7.48,340.2,404.6,370.1,384.1,
Wf9@,1127,1,SAM,2,7.17,372.5,208.4,250.8,391.8,
Wf9@,1127,2,SAM,2,9.47,478.6,177.3,338.6,398,
Oh43E@,1144,1,SAM,2,8.77,440.1,371,419.4,414.3,
Oh43E@,1144,2,SAM,2,10.49,505.1,371.8,398,440.6,
LH123HT@,1157,1,SAM,2,7.73,365.7,355.5,322.6,286.7,
LH123HT@,1157,2,SAM,2,7.54,379.6,310.8,313,219.3,
Oh43@,1197,1,SAM,2,10.92,491.2,388.8,431.8,323.5,
Oh43@,1197,2,SAM,2,7.8,420,303.1,369.3,229.8,
LH82@,1206,1,SAM,2,7.75,400.5,338.6,435.9,384.9,
LH82@,1206,2,SAM,2,7.22,383.7,296.4,375.2,375.2,
PHJ40@,1217,1,SAM,2,9.49,425.1,515.1,356,435.2,
PHJ40@,1217,2,SAM,2,9.01,409.7,495.4,571.2,491.1,
PHK76@,1218,1,SAM,2,10.09,464.1,483.2,487.8,500.9,
PHK76@,1218,2,SAM,2,8.45,417.7,499,522.8,494.2,
3IIH6@,1239,1,SAM,2,6.89,313.8,350.8,374.3,407.1,
3IIH6@,1239,2,SAM,2,6.88,316.1,343.2,374.3,380.8,
LH145@,1252,1,SAM,2,6.21,311,384.1,448.6,462.9,
LH145@,1252,2,SAM,2,4.3,249,347,365.2,360.1,
H95@,1289,1,SAM,2,7.1,335.4,265.3,298.3,347,
H95@,1289,2,SAM,2,6.95,363.7,256.1,243,297.3,
F42@,1330,1,SAM,2,7.99,347.5,558.1,453,499.6,
F42@,1330,2,SAM,2,8.44,378,455.6,510.3,558.5,
H95@,2053,1,SAM,2,6.51,336.4,387.4,394,446.5,
H95@,2053,2,SAM,2,8.13,400.9,358.3,384.1,416.5,
3IIH6@,2060,1,SAM,2,7.94,345.5,454.3,501.6,515.1,
3IIH6@,2060,2,SAM,2,8.45,355.1,474,427.5,430.4,
PHK76@,2068,1,SAM,2,7.14,363.3,499.6,487.8,491.1,
PHK76@,2068,2,SAM,2,8.6,402.2,574.5,616.4,640.4,
LH145@,2098,1,SAM,2,6.11,302.2,246.9,192.1,461.5,
LH145@,2098,2,SAM,2,5.8,305.5,361.1,359.2,388.8,
Oh43@,2109,1,SAM,2,8.31,351.8,413.6,347,373.4,
Oh43@,2109,2,SAM,2,8.9,428.8,334.9,378,440.6,
PHJ40@,2127,1,SAM,2,7.68,369.6,460.2,470.7,510.9,
PHJ40@,2127,2,SAM,2,5.75,307.7,549.7,521.6,527.9,
LH82@,2136,1,SAM,2,7.78,394.9,709.6,479.9,391,
LH82@,2136,2,SAM,2,8.99,419.3,366.8,412.8,315.2,
B73@,2180,1,SAM,2,6.38,310.6,262.7,345.1,329.2,
B73@,2180,2,SAM,2,6.76,317.4,342.2,367.7,420.2,
LH123HT@,2181,1,SAM,2,9.38,449.8,412.1,444.3,420.2,
LH123HT@,2181,2,SAM,2,9.57,487.5,343.2,470.7,406.2,
Oh43E@,2225,1,SAM,2,11.98,521.2,430.4,506.7,387.4,
Oh43E@,2225,2,SAM,2,15.07,560.8,585.4,603.4,487.8,
2FACC@,2241,1,SAM,2,6.62,307.7,392.5,340.4,328.3,
2FACC@,2241,2,SAM,2,6.71,306.2,442.8,516.3,442.1,
Wf9@,2242,1,SAM,2,8.96,471.6,364.4,398.8,466.2,
Wf9@,2242,2,SAM,2,10.03,468.2,216.7,460.9,471.4,
PHZ51@,2268,1,SAM,2,6.25,320.9,210.1,288.9,315.2,
PHZ51@,2268,2,SAM,2,5.36,272.5,294.4,378,384.9,
B14A@,2292,1,SAM,2,7.15,340.2,303.1,457.6,455.6,
B14A@,2292,2,SAM,2,6.87,358.1,362.7,421.8,424.3,
Mo17@,2311,1,SAM,2,6.72,311.9,340.4,311.9,216.7,
Mo17@,2311,2,SAM,2,6.4,293.6,355.5,393.3,279.7,
B84@,2321,1,SAM,2,6.4,318.5,293.3,373.4,435.2,
B84@,2321,2,SAM,2,7.68,356.2,407.1,418.7,489.1,
F42@,2378,1,SAM,2,10.16,411.4,594.4,601.4,596.4,
F42@,2378,2,SAM,2,6.01,274.3,559.7,522.2,577.8,
PHJ40 x LH82,4104,1,HIPS,2,6.38,394.4,329.2,342.3,334.9,
PHJ40 x LH82,4104,2,HIPS,2,5.54,370.7,313,323.5,337.6,
2FACC x 3IIH6,4106,1,HIPS,2,7.58,372,283.4,357.3,316.1,
2FACC x 3IIH6,4106,2,HIPS,2,5.43,293.4,326.4,286.7,282.4,
B37 x OH43,4108,1,HIPS,2,7.8,546.3,274.3,431.1,387.4,
B37 x OH43,4108,2,HIPS,2,6.6,374.4,324.5,363.5,395.6,
PHK76 x 3IIH6,4111,1,HIPS,2,6.76,357,401.3,396.4,431.1,
PHK76 x 3IIH6,4111,2,HIPS,2,7.76,401.6,432.5,437.9,461.5,
PHK76 x LH82,4115,1,HIPS,2,9.01,467.2,470.1,499.6,499,
PHK76 x LH82,4115,2,HIPS,2,8.75,474.9,497.2,467.5,428.2,
PHK76 x LH145,4119,1,HIPS,2,6.53,368.6,371,369.3,378,
PHK76 x LH145,4119,2,HIPS,2,6.03,359.7,539.2,425.9,407.1,
B73 x Mo17,4122,1,HIPS,2,8.49,437.9,328.3,420.2,450.8,
B73 x Mo17,4122,2,HIPS,2,7.65,400.2,322.6,378.9,407.1,
B73 x PHZ51,4124,1,HIPS,2,7.54,418.4,162.5,316.1,389.6,
B73 x PHZ51,4124,2,HIPS,2,8.53,441.9,369.2,471.4,473.3,
WF9 x H95,4127,1,HIPS,2,7.27,405,284.5,347,346.1,
WF9 x H95,4127,2,HIPS,2,7.77,431,277.5,351.7,322.6,
F42 x Mo17,4128,1,HIPS,2,9.21,478.8,307.5,371,444.3,
F42 x Mo17,4128,2,HIPS,2,8.36,466.7,285.6,370.1,428.2,
B37 x H95,4129,1,HIPS,2,6.93,402.6,273.6,338.6,412.1,
B37 x H95,4129,2,HIPS,2,7.49,419.1,310.8,400.5,369.3,
B14A x Mo17,4131,1,HIPS,2,5.78,338.8,229.8,319.8,394,
B14A x Mo17,4131,2,HIPS,2,6.59,370.8,279.7,384.1,391,
PHZ51 x LH145,4135,1,HIPS,2,4.59,286.6,265.3,304.2,376.1,
PHZ51 x LH145,4135,2,HIPS,2,5.03,301.5,250.8,293.3,351.7,
B37 x Mo17,4154,1,HIPS,2,9.12,480.7,355.5,452.2,510.3,
B37 x Mo17,4154,2,HIPS,2,10.89,503.6,322.6,421,494.8,
LH123HT x 3IIH6,4155,1,HIPS,2,5.59,316.7,239,225.9,302.1,
LH123HT x 3IIH6,4155,2,HIPS,2,6.17,327.9,318,220.6,245.6,
B84 x 3IIH6,4158,1,HIPS,2,11.02,540.6,350.8,363.5,402.1,
B84 x 3IIH6,4158,2,HIPS,2,9.2,440.7,241.6,334.9,367.7,
B73 x 3IIH6,4159,1,HIPS,2,9.31,461.9,311.9,326.9,365.2,
B73 x 3IIH6,4159,2,HIPS,2,6.73,350.7,286.7,343.2,309.7,
F42 x OH43,4167,1,HIPS,2,9.9,526.5,364.4,437.9,460.9,
F42 x OH43,4167,2,HIPS,2,9.6,519.4,405.4,418,358.3,
PHK76 x LH145,4204,1,HIPS,2,7.7,388,358.3,395.6,408.5,
PHK76 x LH145,4204,2,HIPS,2,4.22,274.5,287.8,306.4,304.2,
PHK76 x LH82,4205,1,HIPS,2,6.4,358.6,358.3,394,273.6,
PHK76 x LH82,4205,2,HIPS,2,6.28,377.1,351.7,382.4,410.7,
B84 x 3IIH6,4216,1,HIPS,2,9.65,474.5,349.8,370.1,391.8,
B84 x 3IIH6,4216,2,HIPS,2,7.45,373.6,294.4,378,317.9,
2FACC x 3IIH6,4217,1,HIPS,2,3.27,215.2,153.3,213.4,142.3,
2FACC x 3IIH6,4217,2,HIPS,2,5.78,274.9,235,190.5,200.9,
B73 x PHZ51,4225,1,HIPS,2,,,,,,
B73 x PHZ51,4225,2,HIPS,2,,,,,,
B14A x Mo17,4234,1,HIPS,2,8.64,449.1,317,383.2,421,
B14A x Mo17,4234,2,HIPS,2,6.9,383,273.6,358.3,358.3,
B37 x Mo17,4236,1,HIPS,2,8.39,394.9,391,401.3,485.2,
B37 x Mo17,4236,2,HIPS,2,8.8,427.3,301.1,416.5,570.1,
B37 x H95,4244,1,HIPS,2,8.93,455.8,249.5,356.4,407.1,
B37 x H95,4244,2,HIPS,2,8.25,401.2,318.9,402.9,456.3,
PHZ51 x LH145,4247,1,HIPS,2,5.13,310.9,294.4,304.2,387.4,
PHZ51 x LH145,4247,2,HIPS,2,4.44,276.2,434.6,341.4,328.3,
B73 x Mo17,4256,1,HIPS,2,10.29,527.7,319.8,394.8,497.2,
B73 x Mo17,4256,2,HIPS,2,8.97,490.3,264,359.2,394.8,
LH123HT x 3IIH6,4260,1,HIPS,2,6.73,324.8,287.8,232.4,267.9,
LH123HT x 3IIH6,4260,2,HIPS,2,5.86,336.9,341.6,146.1,284.5,
B73 x 3IIH6,4267,1,HIPS,2,9.47,469.7,259.4,274.7,348,
B73 x 3IIH6,4267,2,HIPS,2,11.19,527,329.2,429.6,470.7,
F42 x OH43,4272,1,HIPS,2,9.38,453.5,372.6,435.9,366.8,
F42 x OH43,4272,2,HIPS,2,8.38,452.5,326.4,349.8,433.9,
F42 x Mo17,4273,1,HIPS,2,,,,,,
F42 x Mo17,4273,2,HIPS,2,,,,,,
B37 x OH43,4274,1,HIPS,2,7.43,411.4,303.1,235,316.1,
B37 x OH43,4274,2,HIPS,2,5.59,322.8,532.4,380.8,388.8,
PHK76 x 3IIH6,4277,1,HIPS,2,7.18,402.1,383.2,462.2,498.4,
PHK76 x 3IIH6,4277,2,HIPS,2,6.11,351.6,354.6,422.6,472,
PHJ40 x LH82,4279,1,HIPS,2,6.42,399.1,386.5,366.8,383.2,
PHJ40 x LH82,4279,2,HIPS,2,4.18,277.4,271,331.1,317.9,
WF9 x H95,4280,1,HIPS,2,9.83,528.2,278.4,358.3,414.3,
WF9 x H95,4280,2,HIPS,2,6.74,430.5,229.8,319.8,325.4,
B37 x H95,5116,1,HIPS,2,5.51,364.9,206.8,288.9,274.7,
B37 x H95,5116,2,HIPS,2,7.57,404.7,231.1,414.3,378.9,
PHZ51 x LH145,5123,1,HIPS,2,3.98,255.9,241.6,313,316.1,
PHZ51 x LH145,5123,2,HIPS,2,4.3,218.1,279.7,340.4,273.5,
WF9 x H95,5126,1,HIPS,2,7.34,423.8,233.7,338.6,321.7,
WF9 x H95,5126,2,HIPS,2,8.5,443.8,526.8,310.8,357.3,
PHK76 x LH145,5128,1,HIPS,2,8.74,438.1,427.5,457.6,493.6,
PHK76 x LH145,5128,2,HIPS,2,8.22,446.3,404.6,451.5,395.6,
PHK76 x 3IIH6,5130,1,HIPS,2,6.23,331.5,259.4,190.5,310.8,
PHK76 x 3IIH6,5130,2,HIPS,2,5.53,308.1,278.4,288.1,304.2,
F42 x Mo17,5131,1,HIPS,2,6.5,346.4,250.8,285.6,310.8,
F42 x Mo17,5131,2,HIPS,2,,,,,,
PHJ40 x LH82,5135,1,HIPS,2,5.72,348.7,356.4,379.8,400.5,
PHJ40 x LH82,5135,2,HIPS,2,5.84,345.3,333,390.3,402.9,
2FACC x 3IIH6,5144,1,HIPS,2,6.42,333.8,288.9,275.8,262,
2FACC x 3IIH6,5144,2,HIPS,2,5.78,310.5,260.6,307.5,326.4,
B73 x PHZ51,5147,1,HIPS,2,6.4,355.2,264,318.9,363.5,
B73 x PHZ51,5147,2,HIPS,2,7.05,384.1,278.4,359.2,381.6,
LH123HT x 3IIH6,5150,1,HIPS,2,8.03,392.2,215.1,252.1,328.3,
LH123HT x 3IIH6,5150,2,HIPS,2,8.17,414,326.4,336.7,309.7,
B14A x Mo17,5152,1,HIPS,2,6.11,441.3,224.7,337.6,333,
B14A x Mo17,5152,2,HIPS,2,6.79,373.4,292.2,343.2,317.9,
B37 x Mo17,5153,1,HIPS,2,5.8,334.2,301.1,298.3,335.8,
B37 x Mo17,5153,2,HIPS,2,6.18,353.1,228.5,330.1,326.4,
B73 x 3IIH6,5154,1,HIPS,2,8.06,386,331.1,380.8,343.2,
B73 x 3IIH6,5154,2,HIPS,2,6.31,309.9,306.4,365.2,326.4,
F42 x OH43,5160,1,HIPS,2,4.58,275.6,229.8,262.7,324.5,
F42 x OH43,5160,2,HIPS,2,4.51,302.2,213.4,224.6,249.9,
B84 x 3IIH6,5161,1,HIPS,2,8.81,417.5,349.8,344.2,346.1,
B84 x 3IIH6,5161,2,HIPS,2,9.31,422.8,265.3,307.5,350.8,
B37 x OH43,5162,1,HIPS,2,6.38,357.7,229.8,282.4,299.2,
B37 x OH43,5162,2,HIPS,2,6.8,375.6,257.2,282.4,252.1,
B73 x Mo17,5176,1,HIPS,2,8.66,457.6,248.2,300.2,346.1,
B73 x Mo17,5176,2,HIPS,2,10.59,499.3,320.7,274.7,375.2,
PHK76 x LH82,5182,1,HIPS,2,5.78,307.6,228.5,334.9,366,
PHK76 x LH82,5182,2,HIPS,2,5.45,304.9,215,333.9,368.5,
2FACC x 3IIH6,5201,1,HIPS,2,5.74,307.2,345.1,358.3,378.9,
2FACC x 3IIH6,5201,2,HIPS,2,6.18,302.3,352.7,335.8,397.2,
PHK76 x LH82,5206,1,HIPS,2,6.31,366.6,321.7,346.1,267.9,
PHK76 x LH82,5206,2,HIPS,2,8.83,489,306.4,366.8,348.9,
B37 x OH43,5210,1,HIPS,2,6.95,393.1,277.1,347,517.5,
B37 x OH43,5210,2,HIPS,2,7.94,415.2,261.6,343.2,369.3,
B84 x 3IIH6,5211,1,HIPS,2,9.14,437.4,427.5,346.1,390.3,
B84 x 3IIH6,5211,2,HIPS,2,9.28,535.2,253.4,237.7,254.7,
B37 x Mo17,5216,1,HIPS,2,6.6,344.8,248.2,353.6,325.4,
B37 x Mo17,5216,2,HIPS,2,7.65,386.7,260.5,388.1,394,
F42 x OH43,5220,1,HIPS,2,7.35,402.9,313,296.4,376.1,
F42 x OH43,5220,2,HIPS,2,8.73,351.2,299.2,308.6,341.4,
PHZ51 x LH145,5227,1,HIPS,2,5.48,322.7,244.3,501.6,401.3,
PHZ51 x LH145,5227,2,HIPS,2,5.9,346.6,264,364,362.7,
B14A x Mo17,5237,1,HIPS,2,9.04,452.5,195.3,267.9,354.6,
B14A x Mo17,5237,2,HIPS,2,7.3,386.1,190.5,243,305.3,
WF9 x H95,5238,1,HIPS,2,8.11,446.3,210.1,283.4,330.1,
WF9 x H95,5238,2,HIPS,2,6.88,409.8,278.4,333.9,361.9,
PHK76 x 3IIH6,5240,1,HIPS,2,6.75,366.2,366,388.8,442.1,
PHK76 x 3IIH6,5240,2,HIPS,2,5.9,330.2,278.4,310.8,348,
PHK76 x LH145,5243,1,HIPS,2,5.76,344.3,300.2,326.4,316.1,
PHK76 x LH145,5243,2,HIPS,2,4.55,295.7,224.6,235,217.3,
B73 x Mo17,5245,1,HIPS,2,8.04,428,309.7,346.1,392.5,
B73 x Mo17,5245,2,HIPS,2,10.31,419.2,266.6,296.4,319.8,
PHJ40 x LH82,5247,1,HIPS,2,,,,,,
PHJ40 x LH82,5247,2,HIPS,2,4.28,301.7,363.5,378,341.4,
LH123HT x 3IIH6,5249,1,HIPS,2,6.5,361.8,233.7,253.4,292.2,
LH123HT x 3IIH6,5249,2,HIPS,2,5.55,281.4,216.7,253.4,269.2,
B73 x 3IIH6,5261,1,HIPS,2,,,,,,
B73 x 3IIH6,5261,2,HIPS,2,9.18,445.5,227.2,241.6,319.8,
B37 x H95,5268,1,HIPS,2,5.26,313.6,265.3,310.8,336.7,
B37 x H95,5268,2,HIPS,2,8.13,430.9,262.7,360.1,348.9,
F42 x Mo17,5270,1,HIPS,2,10.58,481.9,305.3,311.9,412.1,
F42 x Mo17,5270,2,HIPS,2,6.66,364.9,267.9,322.6,398,
B73 x PHZ51,5272,1,HIPS,2,7.22,408.3,228.5,271.4,262.7,
B73 x PHZ51,5272,2,HIPS,2,7.45,399.7,235,286.7,324.5,
PHK76 x 3IIH6,6110,1,HIPS,2,4.47,268.4,388.8,402.9,442.1,
PHK76 x 3IIH6,6110,2,HIPS,2,7.01,353.6,192.1,288.9,291.1,
B73 x PHZ51,6111,1,HIPS,2,6.81,357.8,352.7,433.9,439.2,
B73 x PHZ51,6111,2,HIPS,2,7.42,392.4,393.2,441.3,495.4,
WF9 x H95,6116,1,HIPS,2,10.33,544.5,325.4,438.5,412.1,
WF9 x H95,6116,2,HIPS,2,8.82,495.9,286.7,394.8,375.2,
PHJ40 x LH82,6122,1,HIPS,2,4.88,321,346.1,330.1,367.7,
PHJ40 x LH82,6122,2,HIPS,2,6.11,364.3,389.6,362.7,375.2,
F42 x OH43,6127,1,HIPS,2,10.24,492.9,415.8,467.5,496,
F42 x OH43,6127,2,HIPS,2,7,395.8,359.2,440.6,419.4,
LH123HT x 3IIH6,6128,1,HIPS,2,8.43,396.7,267.9,317,393.2,
LH123HT x 3IIH6,6128,2,HIPS,2,8.69,406.2,314.1,403.8,468.1,
PHZ51 x LH145,6132,1,HIPS,2,5.02,296,326.4,421,408.5,
PHZ51 x LH145,6132,2,HIPS,2,6.45,362.9,340.4,395.6,417.2,
B84 x 3IIH6,6134,1,HIPS,2,6.08,326.8,261.6,362.7,325.4,
B84 x 3IIH6,6134,2,HIPS,2,8.02,417.9,368.5,439.2,445,
F42 x Mo17,6137,1,HIPS,2,,,,,,
F42 x Mo17,6137,2,HIPS,2,,,,,,
B14A x Mo17,6140,1,HIPS,2,8.23,295.4,394.8,413.6,482.6,
B14A x Mo17,6140,2,HIPS,2,8.23,429.8,306.4,412.1,371.8,
PHK76 x LH145,6143,1,HIPS,2,4.94,322.5,275.8,297.3,297.3,
PHK76 x LH145,6143,2,HIPS,2,5.27,331.4,366,456.3,464.1,
B73 x 3IIH6,6149,1,HIPS,2,5.79,313.7,297.3,336.7,363.5,
B73 x 3IIH6,6149,2,HIPS,2,9.29,421.9,307.5,334.9,402.1,
B37 x OH43,6153,1,HIPS,2,8.02,444.9,310.8,371.8,380.8,
B37 x OH43,6153,2,HIPS,2,7.28,425.9,296.4,363.5,366,
B37 x Mo17,6155,1,HIPS,2,8.38,415.7,340.4,464.2,419,
B37 x Mo17,6155,2,HIPS,2,7.27,390.6,282.4,348.9,315.2,
B37 x H95,6158,1,HIPS,2,8.63,464.9,292.2,358.3,346.1,
B37 x H95,6158,2,HIPS,2,6.75,400.9,293.3,439.9,424.3,
2FACC x 3IIH6,6159,1,HIPS,2,6.51,313.8,225.9,195.3,379.7,
2FACC x 3IIH6,6159,2,HIPS,2,5.22,267.9,297.3,262.7,260.5,
B73 x Mo17,6162,1,HIPS,2,9.62,487.5,384.9,457.6,433.3,
B73 x Mo17,6162,2,HIPS,2,9.44,492.2,378.4,488.5,502.2,
PHK76 x LH82,6170,1,HIPS,2,,,,,,
PHK76 x LH82,6170,2,HIPS,2,,,,,,
PHK76 x LH82,6174,1,HIPS,2,6.91,433.1,358.3,441.3,435.2,
PHK76 x LH82,6174,2,HIPS,2,7.41,414.3,411.4,501.6,468.1,
PHJ40 x LH82,6184,1,HIPS,2,5.55,337.1,334.9,369.3,380.8,
PHJ40 x LH82,6184,2,HIPS,2,5.13,308.7,355.5,367.7,374.3,
PHK76 x LH145,6210,1,HIPS,2,6.67,384.4,391.8,430.4,399.6,
PHK76 x LH145,6210,2,HIPS,2,5.67,351.2,316.1,314.1,347,
PHK76 x 3IIH6,6219,1,HIPS,2,7.64,414.9,426.8,472.7,509.7,
PHK76 x 3IIH6,6219,2,HIPS,2,6.33,397.5,227.2,211.7,280.4,
F42 x Mo17,6223,1,HIPS,2,7.04,404,323.5,324.5,348,
F42 x Mo17,6223,2,HIPS,2,6.66,380.1,325.4,338.6,379.8,
2FACC x 3IIH6,6226,1,HIPS,2,6.05,339.5,442.5,459.9,448.6,
2FACC x 3IIH6,6226,2,HIPS,2,8.2,398.8,285.6,231.1,215,
B73 x Mo17,6238,1,HIPS,2,8.57,466.4,297.3,346.1,380.8,
B73 x Mo17,6238,2,HIPS,2,7.16,391.7,313,356.4,392.5,
B84 x 3IIH6,6241,1,HIPS,2,5.68,144.9,188.9,239,273.6,
B84 x 3IIH6,6241,2,HIPS,2,7.83,302.5,188.8,306.4,270.3,
B73 x PHZ51,6247,1,HIPS,2,7,388.6,241.6,250.8,262.7,
B73 x PHZ51,6247,2,HIPS,2,5.62,327.6,302.1,364.4,421.8,
LH123HT x 3IIH6,6255,1,HIPS,2,4.42,325.1,127,151.1,118.2,
LH123HT x 3IIH6,6255,2,HIPS,2,4.39,248.8,87.6,135.7,120.4,
B14A x Mo17,6261,1,HIPS,2,6.25,363.7,245.6,305.3,351.7,
B14A x Mo17,6261,2,HIPS,2,5.67,325.6,304.2,525.9,504.6,
B37 x Mo17,6262,1,HIPS,2,6.41,360.9,213.4,281,282.4,
B37 x Mo17,6262,2,HIPS,2,4.39,283.7,164.2,237.7,260.5,
WF9 x H95,6263,1,HIPS,2,7.5,433.8,183.9,368.5,357.3,
WF9 x H95,6263,2,HIPS,2,5.88,366.7,265.3,282.4,347,
B37 x OH43,6267,1,HIPS,2,6.17,357.6,262.7,313,353.6,
B37 x OH43,6267,2,HIPS,2,6.42,374.9,265.3,331.1,321.7,
B73 x 3IIH6,6268,1,HIPS,2,6.42,328.4,330.1,338.6,306.4,
B73 x 3IIH6,6268,2,HIPS,2,6.16,329,237.7,358.3,304.2,
F42 x OH43,6272,1,HIPS,2,5.26,303.1,300.2,307.5,331.1,
F42 x OH43,6272,2,HIPS,2,4.94,278.9,211.7,239,286.7,
B37 x H95,6274,1,HIPS,2,7.97,411.8,210.1,333.9,378.9,
B37 x H95,6274,2,HIPS,2,7.41,385,232.4,335.8,365.2,
PHZ51 x LH145,6276,1,HIPS,2,5.99,344.4,299.2,358.3,354.6,
PHZ51 x LH145,6276,2,HIPS,2,4.58,270.3,211.7,274.7,264,
